e1,e2,e3,player_id,year
-3.3239417,-0.61035067,-1.8617697,116338,2015
3.6909587,-3.3703854,2.2273989,120074,2015
2.4910052,-1.6455724,-0.7943294,121347,2015
-3.3570251,-0.022689585,-0.5839724,133380,2015
-1.0527098,-0.12712073,2.3191457,134181,2015
-0.01887323,0.18497993,0.79832625,136860,2015
-4.321537,2.9059317,-1.2569637,276519,2015
-0.37072587,0.48036337,1.284712,405395,2015
-2.6724443,-3.6463337,-1.9270325,407781,2015
-0.41776484,1.7905335,1.1552064,408045,2015
4.7005663,-3.7609212,3.0366707,408234,2015
0.21994404,-1.2235433,1.9079458,408236,2015
-4.5449786,0.7619492,1.6690112,408252,2015
-6.5417566,2.5214186,-1.0120718,408314,2015
-1.5417426,0.25745514,0.8438451,425509,2015
1.743393,-0.5409816,-0.24541113,425783,2015
-5.825916,1.3531363,-0.9116038,425877,2015
0.5167817,-0.14186157,1.2236139,425902,2015
0.04177112,-1.3120108,1.1923046,429664,2015
2.4790583,-1.026757,1.0638355,429665,2015
0.20294663,-4.578154,-0.88768375,429667,2015
3.7777104,-0.32096323,1.2111298,430832,2015
-2.4311996,-2.6585598,-0.5128503,430945,2015
-6.0252113,1.9874008,1.2595234,430947,2015
0.2478529,0.66059685,-1.6469024,431145,2015
1.8892049,0.44513482,0.9140953,434158,2015
-4.548989,3.526048,-0.38237685,434636,2015
1.2617089,-1.6832749,1.2589022,434778,2015
-3.786322,2.2848468,2.519802,435079,2015
-1.0615118,1.9232297,-1.7478714,435263,2015
-1.7366519,0.17484246,-0.33164918,435522,2015
-1.8064557,-1.7494725,-3.7777953,435622,2015
3.11461,-4.836496,0.4095233,443558,2015
-0.40313745,-3.1679718,-1.8149611,444432,2015
1.0689378,-1.863515,0.5242373,444482,2015
-6.6668515,2.1990623,0.47515598,444876,2015
-2.564187,3.0045722,1.3564451,445988,2015
2.7079368,-1.778953,-0.19634962,446263,2015
-0.18552409,-0.7523756,-0.08143957,446334,2015
4.43738,-5.726782,-0.65767723,448801,2015
-0.943578,3.8863666,0.8822568,450314,2015
-0.67262286,2.6552835,-1.5170876,451594,2015
-1.1606895,1.2248168,-0.029520888,452104,2015
0.21571575,0.9609669,-0.60010374,452252,2015
-3.3931963,-0.7102641,-1.5876199,452678,2015
-0.5596951,-0.34012163,-0.91099185,453064,2015
-2.2142913,2.0101576,1.2307886,453568,2015
-0.7026467,-2.0364962,-0.42374176,453943,2015
-2.2066114,3.7169936,1.4173739,455976,2015
-0.3442443,0.63004565,-0.3325446,456714,2015
-0.2931264,-1.1530044,1.8950375,456715,2015
2.8428583,-1.8219527,2.2856653,457705,2015
-1.5837336,0.0426068,-1.4011171,457706,2015
0.7377315,-1.0381702,-2.3294773,457708,2015
-1.698437,1.8022314,-0.9122635,457727,2015
-0.5572747,0.3010807,3.6219022,457763,2015
-0.6542771,-0.8059172,-1.150485,457803,2015
5.1557126,-1.193072,3.2592466,458015,2015
-0.64863497,1.7461848,-0.83823955,458085,2015
-0.05001551,2.3164375,-0.24224986,458731,2015
1.5677317,-2.3089125,0.583349,460075,2015
0.19589657,-2.504605,-2.4173949,461235,2015
-0.5287375,-1.8615494,-0.6083882,461314,2015
-0.3961048,-0.033235945,-0.45852363,461858,2015
-3.8282328,3.3918996,-0.04559285,462101,2015
-0.77653253,1.761605,-0.24839978,465041,2015
-2.5482996,1.5635678,0.96654284,466320,2015
-4.9784307,-0.7794483,-1.9285823,467055,2015
-2.652364,-1.9265087,-1.9342945,467092,2015
1.7419378,2.7277563,-0.444733,467793,2015
-3.720184,-0.2560081,0.17851582,467827,2015
0.080912285,-3.0887551,-0.7882022,471865,2015
1.5394171,-3.307853,0.27540594,474832,2015
-1.1091864,2.0391886,3.4948318,488726,2015
-1.8012985,0.945394,1.2722749,488862,2015
-0.8597455,0.28529635,-0.49604946,489149,2015
1.2765964,-3.6226957,0.78771263,493316,2015
-5.9826546,2.576415,-0.14265896,493351,2015
-3.8736973,2.0395825,0.23146257,500208,2015
2.814339,-5.9967656,0.19706672,502110,2015
-1.6779468,1.9775102,1.0921376,502210,2015
-2.1314845,0.8637216,2.0787735,502517,2015
5.1115623,-2.5643673,1.7148768,502671,2015
-4.2960615,1.3750858,1.701775,514888,2015
-6.1326866,0.540328,-1.9531128,516416,2015
-4.344994,0.4920974,-1.4961613,516770,2015
-1.6079198,-2.111702,0.29334083,516782,2015
2.7435958,-2.930939,0.97364676,518626,2015
-1.1126525,2.5603576,-0.15820108,518792,2015
-1.0154351,1.6066761,0.68588454,518934,2015
0.9399473,-2.5722868,-0.040985446,519048,2015
-1.050566,0.5622044,0.95624155,519058,2015
-2.7617269,0.6685765,-2.9265413,519083,2015
-5.5160966,4.1937356,2.8677113,519184,2015
1.0636134,-0.35212898,2.380478,519203,2015
-0.7224166,2.3189332,-0.6516825,519390,2015
-5.4922543,1.2610799,-1.2326694,520471,2015
-4.008423,-0.9293651,-0.29979938,521692,2015
-0.90595925,2.3529768,0.14799121,523253,2015
-5.4897385,1.5466075,-0.767252,527038,2015
-1.7916048,-2.095014,-0.9108039,541645,2015
-5.672373,2.7537167,0.71323466,542255,2015
-7.3626122,1.4595046,-0.8817028,542993,2015
-0.059178784,-2.1931612,-0.47880477,543063,2015
-5.0712166,3.2711666,0.13045911,543213,2015
-3.1026108,0.097572014,-3.5222716,543238,2015
0.7289871,-0.3362056,1.1985501,543333,2015
-0.54086053,0.9825135,2.2859812,543401,2015
-1.8822204,-1.3494169,-1.778279,543434,2015
-2.1614225,0.9563548,-1.3334398,543760,2015
-5.7932444,1.869987,0.99495417,543829,2015
-2.930331,0.7746931,-0.01719999,543939,2015
-4.800326,1.1520694,-0.32473025,544369,2015
5.4823217,-4.055036,2.0026567,545361,2015
-2.639733,-0.74952817,-1.9786491,546318,2015
5.464556,-3.319522,2.4510286,547180,2015
0.3178919,-1.9366257,-0.13966838,547989,2015
-0.80888367,0.865561,-0.76648825,570256,2015
-0.6484243,-2.1853416,0.46183887,571448,2015
-3.0390153,3.833307,-0.7820452,571788,2015
-5.217237,-0.5646152,-3.4307406,572008,2015
-0.5455101,0.31324002,1.9801081,572041,2015
-0.8286485,0.35302788,1.9936101,572122,2015
-2.3635342,-2.285815,-3.613757,572191,2015
2.389983,-1.1761143,1.9561641,572761,2015
-1.6484222,1.1783727,-1.6330855,572821,2015
1.9936099,-3.1779456,-1.9344649,592178,2015
-1.0523356,-1.735173,-1.2021077,592206,2015
0.98498,0.11533296,0.8601191,592518,2015
2.2501645,-1.0950944,-3.403432,592626,2015
-4.2505946,3.2379987,1.0134065,592743,2015
0.99419785,-0.26433566,0.7107905,592885,2015
-2.704264,0.6694954,0.10115821,593428,2015
-1.4256415,-0.9008251,-1.1147398,594777,2015
-1.6704551,2.2743988,-0.47457427,594809,2015
-2.081849,-1.5140262,-1.4081328,594828,2015
-3.396238,0.1515088,-0.754797,595281,2015
-0.693339,1.1945674,1.9919627,605141,2015
-2.4769604,2.3167443,-1.6059573,607054,2015
-4.5781546,1.1832215,0.00874428,607680,2015
-3.112289,-0.1808659,-4.3767633,608365,2015
-2.2699778,0.88099366,1.0681854,622110,2015
4.386584,-4.057513,3.5224671,120074,2016
-0.15005445,-0.69151306,2.4899826,134181,2016
-0.7323178,-0.29854625,0.14912489,136860,2016
1.2239426,0.90433806,-0.8064178,150029,2016
0.25470656,-0.8982542,1.8515489,400121,2016
-1.5351064,1.9154124,-0.16784085,400284,2016
0.3989988,-0.65803885,1.6285607,405395,2016
1.0626577,1.839497,1.8149482,408045,2016
4.428415,-5.713301,3.6321828,408234,2016
-1.4112308,0.56664133,1.1169498,408236,2016
-5.5139537,-0.21784198,0.6490927,408252,2016
-2.1524825,-1.7720621,-3.336412,425834,2016
-3.4637446,0.7976276,2.2521303,425877,2016
-0.15555558,-1.21817,1.5456827,429664,2016
2.6417832,-1.4980856,0.75858694,429665,2016
2.8588774,1.1312437,-0.12974718,430832,2016
-2.2969418,-2.2505305,-0.10012405,430945,2016
0.94420135,0.44965696,-3.1047287,431145,2016
0.69780934,2.1828852,-0.48091903,434158,2016
-3.4750216,3.481878,2.3863358,434636,2016
1.282041,-1.2998986,0.01833823,434670,2016
1.7349049,-2.81843,0.97486794,434778,2016
-0.6095678,0.36170653,-0.4746304,435062,2016
1.8839831,-2.0017827,-2.650148,435063,2016
-2.0571554,1.2578962,1.7613612,435079,2016
-0.03796402,-1.3941107,-1.2115113,435622,2016
3.7386663,-5.291701,0.527607,443558,2016
2.0291893,-4.4649763,-0.6534358,444432,2016
-6.767213,1.3740516,-0.51899314,444876,2016
-2.8169012,3.5265596,2.3590565,445988,2016
0.66388965,-3.2570484,0.27700314,446334,2016
-3.681633,1.8535093,-1.095023,446359,2016
3.010398,-3.1605477,-3.0594993,448801,2016
0.86395496,3.4061697,2.1934261,450314,2016
1.1709627,1.7510499,-0.13632946,451594,2016
-1.211713,1.054877,-1.9485825,452104,2016
-2.5519176,2.7990837,1.4093093,452655,2016
-2.0296528,-0.2868164,0.06504989,452678,2016
-2.9576466,2.623116,0.55924493,453056,2016
0.30863917,-0.5804556,0.17795219,453064,2016
-0.4916101,-1.0253246,2.7977571,453568,2016
-0.48860914,-0.7745433,-2.340089,453943,2016
-0.44360322,1.6751429,2.0208983,455976,2016
-2.4805,2.6435988,3.2104967,456030,2016
-2.8482811,-0.45393583,-0.4867398,456488,2016
0.57475305,-0.3707631,-0.2992005,457705,2016
1.4410979,-3.2146826,-1.8385568,457708,2016
0.27596927,-0.6784903,1.3225209,457759,2016
0.047198467,0.51577705,2.2193859,457763,2016
-1.6709993,-1.1472057,-4.6750174,457787,2016
-0.61012524,-1.8172439,-0.5973177,457803,2016
3.0784879,-1.0064834,3.6259987,458015,2016
-1.9943416,4.7552695,-0.25778365,458731,2016
0.6775753,-1.12302,-2.2533522,459431,2016
0.18689974,-1.3590326,0.7562399,460075,2016
0.02497593,-0.5048766,-2.9608002,460086,2016
-0.24334648,-3.6437562,-0.14531092,461314,2016
-2.3223727,2.4682963,1.4909226,462101,2016
-2.645965,1.5995418,1.8880948,466320,2016
-0.052684184,-1.3411858,0.73547536,467092,2016
2.6439319,0.46434373,1.7812003,467793,2016
0.43313938,-2.478869,-0.24651173,471865,2016
-3.2233722,3.4201705,-0.48577085,474568,2016
2.4240522,-1.0709872,0.97402084,474832,2016
3.440969,-4.554801,-2.410359,474892,2016
-1.8291811,1.273287,-0.18757455,475174,2016
-2.3528101,1.4710996,0.6069254,488862,2016
1.9824574,-2.5219402,0.71602935,493316,2016
-6.4706798,2.4191937,-1.279729,493351,2016
1.7730539,-5.2741766,-1.3943212,501981,2016
2.853785,-4.90899,0.8171385,502110,2016
0.6759383,-1.4226996,-0.27312398,502143,2016
0.74356997,-1.9586431,3.866806,502517,2016
2.8436828,0.19948609,1.1194794,502671,2016
-2.9301634,-1.2682327,-2.452494,503556,2016
-0.5295645,-0.9012253,4.6649604,514888,2016
-1.8784856,2.5385551,0.1344522,514917,2016
-1.2872865,0.1879337,1.4937979,516416,2016
-2.5649135,-1.1613423,-0.63508934,516770,2016
-1.5233582,-1.8885899,0.4482495,516782,2016
4.1686907,-2.0924003,1.6629301,518626,2016
3.5124586,-4.657498,1.4840713,518692,2016
-2.5604725,3.2062874,-0.87531745,518792,2016
0.9838308,-0.430424,4.461245,518934,2016
0.15814936,-0.08761167,0.9635974,518960,2016
-0.3899967,-2.1181984,-1.299015,519048,2016
1.2761848,-0.13208528,1.2445045,519203,2016
-3.0103385,1.2748296,0.93242073,519390,2016
-4.906822,-0.24464554,-1.9586332,520471,2016
-3.2420213,-1.8951639,-1.9334645,521692,2016
0.8412962,-0.58050066,0.3846949,523253,2016
-5.336269,4.1010413,1.3847958,542255,2016
0.112728626,-1.1742601,-0.21789251,542303,2016
0.33947664,0.3409605,-1.6510142,542340,2016
-1.3603623,-0.07577103,-0.6022213,543063,2016
-6.1013184,0.09117003,-0.7242131,543281,2016
0.08571868,-1.0781534,-0.7544194,543333,2016
0.18383317,-0.29393232,0.9258311,543401,2016
-0.24623293,-1.9144166,-1.6898491,543543,2016
0.47827226,0.41036388,1.0600688,543685,2016
-1.3664659,0.13642386,-2.1308022,543760,2016
-1.3496526,-0.7824207,-2.21605,543768,2016
1.5477666,-1.2836448,-0.18646586,543807,2016
-5.6260505,0.0658522,-0.152771,544369,2016
5.1723757,-2.3987439,2.9594784,545361,2016
-1.7996432,1.0340931,-1.3603848,546318,2016
1.8755771,1.840499,-0.15800247,547180,2016
-2.9553416,-0.8309463,-3.496607,547982,2016
-0.13444556,-1.3047676,0.76261115,547989,2016
-1.2195662,0.79763526,-1.4642007,553993,2016
0.22565769,-0.15559088,0.1905871,570256,2016
-3.1711183,-2.9930937,-1.313048,570731,2016
0.51310915,-0.6714662,1.2166528,571448,2016
-4.154695,0.50726736,-2.0031853,571697,2016
1.7314463,-1.7775676,-1.3554488,571875,2016
0.7377941,0.20311388,-0.33121613,571976,2016
-0.25212663,-1.3339492,0.039490245,572039,2016
1.2469187,-0.7764423,2.4185317,572122,2016
3.2330258,-1.3577299,2.2466547,572761,2016
-1.9515033,-3.1734214,-2.1722314,572816,2016
0.22211869,-0.022516863,-0.5249337,572821,2016
-5.974874,4.047203,0.027385559,578428,2016
-4.381832,1.869045,-0.29880098,588751,2016
2.361737,-3.064055,0.7131432,592178,2016
0.8685902,-2.5906432,1.3622204,592518,2016
-2.2702336,0.29021904,-0.62502784,592663,2016
2.9017909,-2.1303096,1.5850104,592885,2016
-1.0053821,1.2354752,0.06092054,593428,2016
-0.04338672,-0.47805202,0.8482152,594777,2016
0.45060354,-3.0336387,-1.2503465,594807,2016
-1.2581135,1.3857687,1.0930688,594809,2016
-1.6837516,1.0406134,2.3067107,596019,2016
-1.9321849,-2.8877022,-0.96368104,596059,2016
-3.2338312,0.03771151,-2.4393053,596144,2016
-1.2716706,-1.0346011,-0.6746578,596748,2016
0.5184171,-0.3260783,-1.1706862,598265,2016
-0.5145513,1.0362777,2.3064086,605141,2016
-2.9904048,3.8006282,0.79849243,605412,2016
-3.8462527,0.79090405,-0.82570076,607680,2016
-2.3268785,1.9255093,2.8725522,608070,2016
-1.3222198,-0.536685,-2.0971646,608365,2016
0.9997413,-2.8775046,1.9113457,608369,2016
-0.9214252,0.3441085,-0.45402893,608577,2016
-2.6267548,-0.4582906,0.1159754,611177,2016
1.7555742,-1.0880586,0.64262646,621043,2016
-0.25007734,-3.999506,-0.49886236,630111,2016
-3.496595,0.7108296,-2.3801627,136860,2017
-1.9256332,0.23594587,0.025813878,405395,2017
0.74869573,1.1191713,3.1698961,408045,2017
1.2367101,-2.1958792,0.79159856,408234,2017
-5.1006503,0.38180828,0.7411442,408252,2017
-3.868557,3.1756673,-0.4447341,408314,2017
1.3485821,0.022644,0.6175538,425783,2017
-2.6916537,-0.40986806,0.9785899,425877,2017
-0.4742363,-0.8803988,1.7259463,429664,2017
3.1755998,-1.1591085,1.0452217,429665,2017
-0.30987388,1.3215606,-3.347761,430832,2017
-3.0240433,-1.7764639,0.27697912,430945,2017
1.4906313,1.5981339,-1.5217439,434158,2017
0.3353427,-1.200815,-0.44583368,434670,2017
0.54801714,-2.617726,-0.5102245,434778,2017
-2.0407255,2.2624717,1.3944994,435079,2017
3.8432627,-4.7594857,1.0068358,443558,2017
-1.5231125,-1.6218076,-2.7850702,444432,2017
-1.4929528,0.46956575,-0.40224287,444482,2017
-6.294021,0.31558797,-0.48711595,444876,2017
-2.5752115,0.52133626,-0.050267942,446334,2017
-0.56585306,2.5326557,0.97963995,446359,2017
0.8027772,-1.4101895,-2.7179422,448602,2017
1.925325,-3.365129,-3.9046354,448801,2017
-0.7669698,1.2083099,-0.9584029,452104,2017
-1.3930328,0.22582677,-1.5142821,452254,2017
-3.1781292,2.6529622,1.9918057,452655,2017
-1.648289,1.2498381,1.0522387,452678,2017
1.0443234,-1.8924842,2.775982,453568,2017
1.412041,1.4592298,-1.245221,453943,2017
-1.1333407,2.7106402,1.1169039,455976,2017
-0.9400204,0.31913146,1.8573326,456715,2017
0.8616259,-0.2523666,1.4944003,457705,2017
2.737837,-2.8446374,-1.0100574,457708,2017
1.1944106,-0.5244894,3.8583891,457759,2017
-0.8835545,1.6144451,2.5532885,457763,2017
0.7244716,-2.134225,-0.075696394,457803,2017
2.699201,0.2191652,5.199625,458015,2017
-0.54998684,3.1645863,1.2618679,458731,2017
1.1240007,0.17287701,-0.13506255,459964,2017
-2.5745804,0.8495035,-2.6527193,460086,2017
-2.5692267,0.84950495,0.838681,462101,2017
-2.3044138,1.1989065,2.3744135,466320,2017
1.4853098,1.4818219,1.1065499,467793,2017
-1.2516344,-0.57941157,-2.5896475,471865,2017
-2.3126526,2.9083953,0.25739917,474568,2017
1.9931633,-1.5171139,-0.07000441,475174,2017
2.9038064,-2.5660164,1.4233613,475253,2017
2.5957422,-3.5808706,0.72113687,475582,2017
-0.38492078,-0.15574743,2.737036,476704,2017
2.7814257,-2.2428393,-0.35458687,489149,2017
-1.5804768,-0.04015629,1.0959136,493329,2017
-4.0036254,1.3529284,-0.4042637,500208,2017
0.59512365,0.67460203,-0.7839792,501896,2017
3.77448,-5.1611114,-0.76855165,501981,2017
3.1228106,-0.8782004,1.0156239,502054,2017
-1.7145039,1.0963999,2.5138612,502210,2017
-0.20509644,-0.5717282,3.2901073,502517,2017
4.2069554,-2.8683107,1.1259081,502671,2017
-0.077390656,0.83907676,-0.6455762,503556,2017
-0.94744843,0.15902011,3.2503226,514888,2017
-0.98011833,2.441827,0.70121217,514917,2017
-2.5240376,0.84449714,0.7835538,516416,2017
3.0153322,-3.9344463,2.1175177,518692,2017
-0.6671868,1.7987651,2.7526395,518934,2017
1.3688743,-1.6488762,0.062970765,519048,2017
-1.7732679,-1.797169,0.6671548,519058,2017
1.6349984,-0.3831853,2.8166256,519203,2017
2.1840577,-1.4279543,-1.9256731,519306,2017
4.7853446,-4.9496903,0.26045868,519317,2017
2.3386636,-1.5667304,-2.2394304,519346,2017
-4.308164,1.9798193,-0.2763823,520471,2017
0.10576902,-3.8190615,0.78629434,541645,2017
-5.825643,2.5542316,2.1380203,542255,2017
1.8476382,-2.9700203,0.6093737,542303,2017
-0.1320954,-2.761101,-1.3631531,542921,2017
-2.5551822,-0.54061115,-1.6084095,543063,2017
-4.2158074,0.4340814,0.56662816,543281,2017
0.64838076,-0.46046177,1.3160977,543333,2017
1.453056,1.1196207,2.5415602,543685,2017
0.5296717,-0.38790134,-0.44279653,543768,2017
2.0753982,-1.7216053,1.2753013,543807,2017
-7.2065988,2.4370167,0.8313948,543829,2017
-5.420392,-0.2469711,0.8038107,544369,2017
5.5483103,-2.0750575,2.8406923,545361,2017
-2.118965,-1.6443444,-0.8062997,546318,2017
0.8567446,-2.7146337,1.2970716,547989,2017
1.0357844,0.7143219,0.2074499,553993,2017
2.061527,-2.3024733,-0.703204,570267,2017
-3.953634,0.67663485,-1.5909537,570560,2017
-0.71283174,-2.1115615,-0.037856,570731,2017
0.7124341,-1.8492937,2.0582697,571448,2017
-6.170242,3.711882,-1.4133542,571740,2017
-1.7135236,-1.6271721,-2.3128343,571830,2017
2.0853612,0.4352925,-0.3524756,571875,2017
1.0261434,-1.2818272,-1.8481141,571976,2017
-0.10385843,0.64603317,0.72745335,572122,2017
2.985687,1.7355249,0.8188336,572761,2017
-2.0440276,-2.9808347,-0.66324383,572816,2017
0.936853,0.65315926,-0.095336,572821,2017
2.2966168,-0.5038525,1.1038122,592178,2017
0.53228253,-3.4024827,1.3188839,592206,2017
-2.4781458,1.1565702,-1.2142118,592325,2017
-1.1367089,-2.2136543,-1.2432138,592387,2017
8.695749,-7.954605,0.4801434,592450,2017
0.81125057,-1.9713004,0.58796024,592518,2017
-1.1292666,-0.13947378,0.5789613,592663,2017
-2.0119896,-1.7680789,0.124196194,592696,2017
-3.4695826,2.7379234,1.3572434,592743,2017
1.5683936,-0.118558995,1.0634047,592885,2017
-2.8647153,-0.047535986,1.7176887,593160,2017
-2.2518258,2.8384292,-1.3624455,593428,2017
-3.7102509,3.0277905,-0.4192305,593871,2017
-0.68863505,0.804973,-0.769189,594777,2017
-1.6342394,-1.2354358,-2.1288795,594807,2017
-0.024377914,-2.7600787,-1.0376073,594988,2017
-2.2928236,-3.8566005,-3.1917114,595879,2017
-0.5969935,0.2167639,2.2039714,596019,2017
-3.0300925,-1.5977315,-2.541805,596059,2017
-0.057638623,-2.7329667,-3.641497,596115,2017
2.1867702,-3.7146435,0.44423565,596142,2017
-1.0647373,0.9185456,-1.4815576,596146,2017
-2.2537806,-0.046656378,-1.3121057,596748,2017
-0.81413335,-0.6131059,-2.1535888,598265,2017
0.046589732,1.2430636,-0.34996632,605137,2017
-0.058709122,2.5947325,2.3659277,605141,2017
-3.79465,3.727963,1.5118397,605412,2017
-4.208452,-0.10763216,-1.602666,606115,2017
-5.882118,1.9423018,0.855034,606299,2017
-3.7102249,0.7400707,0.82982844,607680,2017
-0.5862535,0.4459245,3.6624165,608070,2017
-1.0405116,1.3046794,1.712653,608324,2017
4.7753577,-7.021481,-3.5157773,608336,2017
1.902395,-2.7545378,1.641238,608369,2017
-0.617719,-0.09492841,-1.2815605,608577,2017
-2.0171626,1.9899952,-2.2162688,621020,2017
0.5184743,-1.2375767,-0.03039578,621035,2017
-1.915903,-1.3496786,-3.042367,621439,2017
-2.8937268,1.2476381,-0.78675085,622534,2017
1.2261955,-0.42370558,0.2316027,624577,2017
-4.2121186,-2.4337559,-2.6499462,641313,2017
3.0022554,-3.558393,-0.8009833,641355,2017
-0.03740863,-2.8103309,-0.75055754,641820,2017
-0.36350638,1.7088184,0.7549422,643217,2017
-3.94238,1.5813185,0.6870466,400121,2018
0.29667068,1.1863062,2.1231062,408045,2018
2.333457,-0.3996052,-0.43261504,425783,2018
-2.960281,-0.06178502,0.99305797,425877,2018
1.4692767,-1.2101161,-0.9054795,429665,2018
-3.2654474,-1.0669452,0.36544567,430945,2018
-4.0443397,2.9604106,0.6247272,435079,2018
-1.0432523,-0.89101434,-2.5469363,435622,2018
3.0959904,-3.9873762,0.4141797,443558,2018
0.907576,-1.8710424,0.41728842,444482,2018
-5.98615,1.6155096,-1.5524403,444876,2018
-4.812706,2.048671,-0.37478396,445055,2018
-2.4438,-0.67489576,-1.1912835,446334,2018
-1.9237914,-1.8341037,-6.0366898,448801,2018
-0.9963904,2.3748043,1.8649806,450314,2018
-1.1612654,-0.7002019,-0.62803936,452678,2018
-0.40404308,-0.24238458,1.3969232,453568,2018
-0.8150216,1.7882671,3.3116689,455976,2018
-4.403953,0.03993903,-1.172251,456488,2018
0.22211806,1.6791627,1.5247332,456715,2018
1.7541159,0.59390765,0.48600745,457705,2018
2.3153863,-2.6523087,-1.5613579,457708,2018
1.3786913,0.9318888,3.4672735,458015,2018
-1.6140922,4.2217255,-1.3980216,458731,2018
-0.508148,-0.0452429,-0.8757296,460086,2018
0.5427698,-3.3528013,-0.10240369,461314,2018
1.2754036,2.3467393,0.14864795,467793,2018
-1.4106715,-1.6751956,-2.2144978,471865,2018
-0.53844607,-1.0983899,-0.73241293,475174,2018
2.0227938,-0.10268516,-1.9371297,475253,2018
-0.42482704,1.0886877,0.27186027,476704,2018
-1.2959282,0.98408896,3.7370315,488726,2018
-3.8850098,0.78457034,0.18631843,493329,2018
-3.9242287,0.36719137,-0.98888713,500208,2018
-5.4728,2.086963,0.28903273,500743,2018
-1.5998352,-0.6930191,0.0580131,500871,2018
1.3918532,-1.7829092,1.7246538,500874,2018
2.5958574,-5.1006427,-1.0148861,501981,2018
2.9432855,-2.1709125,0.6074409,502054,2018
4.3564672,-6.189359,1.9702249,502110,2018
3.6267385,-2.8199801,0.4304748,502671,2018
-0.21895923,0.056188367,-1.4257855,503556,2018
-0.9225368,0.58541703,2.1978147,514888,2018
-0.43158716,3.672443,-1.1004844,514917,2018
-3.265737,1.3855976,1.1887679,516416,2018
-1.1472051,0.2611309,-0.7213096,516770,2018
-1.3363582,-1.5441389,-0.15595642,516782,2018
-1.9400288,-1.2155854,-1.8926606,518618,2018
0.93211186,-3.1067863,2.8726642,518692,2018
1.9356842,0.33213586,-2.1742783,518735,2018
-0.730053,0.96954733,0.8032043,518934,2018
-0.77146345,-0.9791574,-0.11087447,519058,2018
-0.016436104,0.013879813,2.7275786,519203,2018
2.4872465,-4.310763,-2.2955747,519317,2018
-3.5616891,0.21434082,-2.696891,520471,2018
-1.4591353,-3.3972425,-0.9031873,521692,2018
-5.009895,2.9063466,1.018472,542255,2018
0.4341907,-1.8906447,0.15720415,542303,2018
-2.2854972,-0.6411843,-3.5676763,542340,2018
1.8874272,-2.4172368,-0.70089775,542583,2018
-2.2885735,-0.020600319,-1.0569019,543063,2018
0.30028963,-3.111006,-1.3458519,543068,2018
2.4241338,0.5349332,0.5659088,543305,2018
-1.1117758,-0.14926666,-2.1070006,543333,2018
-1.2364262,1.9942372,-1.017784,543401,2018
1.1205394,-1.836196,3.0118566,543685,2018
-1.8720151,1.8635769,-0.2939379,543760,2018
1.449448,0.40411454,-0.37975267,543768,2018
0.63881755,0.15492547,-0.4042481,543807,2018
-7.8100367,1.5701698,0.35318998,543829,2018
-2.5978916,0.95267606,0.6713876,544369,2018
6.835264,-3.4011707,2.9872148,545361,2018
-3.2225223,-0.6998926,-2.186803,546318,2018
4.1975822,-2.0882297,0.23645449,547180,2018
0.62635005,-2.17474,0.16157801,547989,2018
2.33935,-2.4401948,0.6931905,553993,2018
0.8399686,-0.24660967,-0.9295702,570256,2018
-3.226432,1.307147,-1.2563833,570560,2018
0.8756696,-1.3590782,1.117721,571448,2018
-2.442856,2.1438687,-1.1770577,571466,2018
-2.176878,-0.63850784,0.54500335,571697,2018
-6.563807,3.1212316,-2.5946236,571740,2018
2.00822,-1.4689109,0.7314359,571745,2018
-0.21081057,-2.002695,0.30610466,572039,2018
-1.7619493,-0.3703151,-0.938197,572122,2018
4.163203,-1.9876912,0.9795774,572761,2018
-3.1982718,-1.8217909,1.2657175,572816,2018
-1.7161359,3.010055,-2.9238982,572821,2018
-1.5681136,-0.4036065,-2.9858282,575929,2018
0.6000388,-4.025252,1.4677294,592206,2018
-1.3107232,-1.3873185,-1.2791791,592387,2018
1.6041598,-2.2094076,1.4855747,592518,2018
0.27501488,-1.2402585,0.5764897,592663,2018
-3.106304,-2.073369,-0.74468166,592696,2018
-2.813819,1.8845167,1.1789061,592743,2018
3.9549165,-4.2716775,2.5256023,592885,2018
-1.8310697,0.80027825,2.5526636,593160,2018
1.5010432,-1.0430561,0.81768525,593428,2018
-0.462842,-1.2532872,-1.6762345,594777,2018
-1.9426055,1.3641022,0.36580512,595777,2018
0.23993526,-5.0859985,-0.9516902,595879,2018
0.8026157,-1.1136162,2.3017774,596019,2018
-0.77670413,-0.7924714,-1.5936172,596059,2018
1.5225176,-4.0540338,-0.16083509,596115,2018
-0.2599727,1.8408726,-0.9736508,596146,2018
0.64220124,-2.249604,-1.232681,598265,2018
-0.95571136,1.2518282,-3.436529,600869,2018
-3.200966,0.09918145,-1.519062,605113,2018
0.029876728,0.44419435,-0.32166895,605119,2018
0.8657324,0.95797974,-0.4636455,605137,2018
4.8015137,-3.0194342,3.929929,605141,2018
-3.578677,1.7490846,-0.45846602,605480,2018
1.2864829,-4.93752,-2.7733176,606192,2018
-4.757562,1.5321277,2.5124526,606299,2018
-1.1908803,1.4927781,0.047074996,606466,2018
2.2526326,0.7117822,-1.1447202,607043,2018
-0.22460842,1.0837333,0.5136307,607208,2018
-2.7730827,-1.4555885,0.5952817,607680,2018
1.5986156,2.0476296,2.6013823,608070,2018
1.5386226,1.5989386,3.0784466,608324,2018
3.8297257,-6.766853,-3.351643,608336,2018
-0.18754728,-1.0468503,-1.1534662,608577,2018
-2.1756148,-1.2549431,0.5138361,609280,2018
-2.6830127,-0.13742939,-2.6156547,621020,2018
0.15907001,-1.7379271,-1.9606522,621035,2018
-2.192263,1.1174037,-0.40428102,621563,2018
2.1982274,-2.4472475,-0.7428103,621566,2018
-3.0456882,2.4858117,0.63546956,622110,2018
-2.6298177,0.54879797,-1.3455359,622534,2018
-1.6678373,0.20512973,-1.618834,622666,2018
1.3820988,-0.049361534,-1.1796566,624424,2018
-4.367811,-1.1145383,-2.6690812,641313,2018
0.58773446,-0.68971926,-1.6910797,641355,2018
-0.4652509,-1.9163442,-1.5651196,641820,2018
-3.6498048,-0.7706688,-1.4330797,642708,2018
-0.46437842,0.5388313,2.1302745,643217,2018
-3.7181618,-0.7455917,-0.02341311,645277,2018
1.5943096,-1.1548035,-0.55254024,656305,2018
2.0567014,0.3802288,-0.7547501,656555,2018
3.0591161,-1.7553335,-1.8517146,656941,2018
0.52238923,-1.4973841,-3.9334192,660162,2018
-1.8000927,1.3765302,-0.60738456,405395,2019
-0.33643204,-0.68702567,0.060916826,408234,2019
2.3534255,-1.4032001,-0.36017117,425783,2019
-2.7399168,-1.1225995,-0.807198,430945,2019
5.259743,-6.802396,0.7858599,443558,2019
0.27824676,-1.0581689,-0.15822838,446334,2019
0.38405228,1.0447855,-0.74775815,451594,2019
-0.7365758,1.2233717,-0.92249185,452678,2019
0.3877161,-2.204462,2.043436,453568,2019
-0.5777604,1.0085753,0.8330069,456715,2019
0.9580943,-0.95107675,2.1067061,457759,2019
0.5933476,0.96334636,0.6181873,458015,2019
-1.1765438,2.6468973,-1.5179116,458731,2019
0.1552499,-2.3301976,-0.3176041,460075,2019
-1.2538587,0.63591033,0.14123695,460086,2019
-2.559648,1.0060524,0.55134106,462101,2019
-1.5578818,-0.18331307,-0.2661888,467092,2019
2.9461653,0.46352914,1.2615321,467793,2019
0.47730237,0.37345165,-0.202544,474832,2019
-0.8218848,0.8914416,3.3440964,488726,2019
-2.0251675,0.5491549,1.9163046,493329,2019
-3.9019716,2.0328825,0.31427473,500743,2019
-1.7423943,-0.91671115,0.7630841,500871,2019
-0.9911326,-2.3964803,-2.9947784,501981,2019
1.8996686,0.7136224,0.7092691,502054,2019
3.0088878,-4.196568,2.2722075,502110,2019
-3.704372,1.2065898,1.3903536,502210,2019
1.8699067,-1.9436642,-0.2829806,502671,2019
-0.43071306,-0.43824297,0.60358626,514888,2019
-3.2425923,2.2222848,0.87364405,514917,2019
-3.0776334,1.3769044,0.9122063,516416,2019
-2.0933385,-0.38939476,0.062015716,516770,2019
-0.69690025,-2.2837763,1.1281937,516782,2019
4.083514,-2.9503582,0.022672307,518626,2019
2.4892275,-3.1989727,2.4521046,518692,2019
3.2627068,0.0655514,-0.37349424,518735,2019
-0.18162817,1.1347868,-0.7028834,518792,2019
0.8644184,-1.7787445,2.8962646,518934,2019
0.5062263,-1.5022149,0.20235267,519058,2019
0.9677146,-0.47934675,3.0830026,519203,2019
-3.3502104,-1.8137077,-2.2550104,520471,2019
-0.14800149,-4.0449963,-0.79754466,541645,2019
2.3324838,-2.3195632,0.34688362,542303,2019
-0.6404026,-1.0019763,-1.339382,542340,2019
0.21605355,-4.74909,-0.70933485,542454,2019
-2.1849904,-0.10977691,-1.9513355,543063,2019
-0.93432885,-2.1505704,-1.8202846,543333,2019
-1.9997772,0.88840413,-0.6433194,543401,2019
2.8849287,-2.0098796,4.201834,543685,2019
0.81908125,0.6864258,2.3873553,543760,2019
3.7026794,-3.3282726,0.97105455,543807,2019
-1.7463139,-0.7964808,-0.33443424,543877,2019
-3.4243622,2.488873,-0.55361044,543939,2019
-4.4207077,-1.0280262,-2.0269582,544725,2019
-1.5005108,-2.335566,-2.1465337,545341,2019
7.36407,-4.544106,3.7574432,545361,2019
3.6860387,-3.8780823,0.062895305,547180,2019
0.9886522,-3.3220246,0.20509207,547989,2019
2.4717915,-2.9608734,-1.2116401,553993,2019
1.3567448,-3.1390262,-2.0701876,570267,2019
-4.228705,1.7766719,-2.3703403,570560,2019
-0.05863501,-1.0055981,1.5710952,571448,2019
3.665473,-1.6861198,0.035256375,571970,2019
2.8711708,-3.10388,-1.2972218,572228,2019
2.3262293,-2.9617393,-0.31090182,572233,2019
-5.6566386,0.9377666,0.068037935,578428,2019
1.1839564,-0.8849803,-0.33283266,592178,2019
0.3596434,-3.7470145,0.6562804,592206,2019
0.8138203,-0.69403845,-0.030826535,592518,2019
-1.8825878,-1.8565258,-0.67113847,592567,2019
1.113651,-1.3115846,-0.69220835,592626,2019
0.020735629,-1.7545013,0.06590739,592663,2019
-2.8535156,-2.456559,0.099795334,592696,2019
5.5785875,-5.505991,2.1835303,592885,2019
-2.6600149,0.23234333,2.5700788,593160,2019
1.7896616,-0.7601999,1.431667,593428,2019
-6.2551336,0.43862706,1.6294574,593643,2019
-1.0844404,0.38974243,2.228343,593871,2019
1.0487992,-1.8222786,-1.5562409,594777,2019
-0.85148233,1.8334905,0.81819665,594809,2019
-1.8724986,1.6481011,-0.6502514,595777,2019
0.23223491,-5.2692127,-1.4276426,595879,2019
-0.48901767,-0.732956,0.8662549,596019,2019
0.35593182,-2.7484207,-3.023486,596059,2019
1.1487132,-2.5762298,-0.49210748,596115,2019
2.6403685,0.8918489,-2.2852883,596129,2019
0.48446536,-0.36911705,0.29016694,596146,2019
-0.06655375,-1.5426003,-2.8563108,598265,2019
-0.011120796,-2.155257,-1.1263791,600524,2019
-1.5894012,0.32725412,0.04934415,605113,2019
0.39533657,-1.24032,-0.7379778,605119,2019
2.9976645,-3.2236886,1.1832569,605137,2019
2.8166587,-1.2922231,4.302638,605141,2019
-5.0497756,1.6814294,-4.231852,605480,2019
-3.4157047,0.92709774,-3.1379874,606115,2019
1.1079708,-1.96448,2.5420363,606466,2019
0.30045772,-0.97680485,0.17817463,607208,2019
-4.40818,-1.0742579,0.39284256,607680,2019
-0.5317923,1.5005169,1.1125382,608070,2019
2.2312214,2.5694163,3.0592132,608324,2019
-0.9415849,-1.0400822,-0.16316237,608369,2019
1.7944278,-5.034786,-1.5902891,614177,2019
0.6468674,-1.2425493,-0.38408512,621020,2019
-4.5916667,1.7116412,1.4782591,621028,2019
3.325913,-4.285882,0.27467448,621566,2019
3.112612,-4.0445485,-0.30682874,624413,2019
2.3715727,-1.436115,0.033098046,624424,2019
-3.4742618,1.8953617,2.0945888,624428,2019
-0.575201,-2.047344,-1.0112119,624577,2019
4.1451344,-4.939892,0.018918674,624585,2019
2.5714614,-2.816815,0.8642244,640457,2019
-2.3220482,-3.0388935,0.5227796,641313,2019
4.2942367,-3.9183023,3.7691774,641355,2019
1.3090901,-2.025495,-0.82600117,641531,2019
1.5008128,-2.4740725,0.66089845,641820,2019
0.7244134,-2.6391144,-2.07774,641857,2019
-1.9299498,-0.7714523,0.5806472,642708,2019
-0.459772,-1.109151,-1.4311796,642715,2019
-0.1532126,-1.0186934,0.038006265,643217,2019
-2.0615363,-1.3564869,2.0845306,643446,2019
-1.3518302,-1.2498204,1.8951458,645277,2019
-3.5500934,0.46885085,-1.464511,645302,2019
0.94626296,-3.2346523,1.5008483,646240,2019
0.9764836,-4.22883,-1.4605751,650391,2019
0.050298475,-2.373772,-0.13016933,650402,2019
2.415821,-1.3588965,-0.29597452,656305,2019
1.9755688,1.6363775,-1.7805283,656555,2019
3.4571805,-3.6682923,-0.22243437,656941,2019
-0.5901408,-0.08498316,-1.03953,657557,2019
1.9866683,-4.586154,-0.39107728,660162,2019
3.4722822,-4.4402313,0.64594805,660670,2019
-3.9759982,5.102458,3.6032703,664058,2019
-0.26292738,-0.4774837,-0.5410833,665489,2019
4.5164757,-2.3906798,1.8335667,665742,2019
1.035619,-1.9429134,0.8230144,668804,2019
1.4543186,-1.9656743,0.4798436,408234,2020
3.2293365,-4.0894623,0.23348519,443558,2020
-2.2112477,0.46100548,-0.77276933,444482,2020
-0.12007628,-1.1942661,0.37128517,446334,2020
-1.7364475,1.2858517,-0.63947123,452678,2020
-2.579123,0.40517235,1.620804,453568,2020
-2.7815528,-0.63474214,1.7830405,456781,2020
0.23494844,0.3508202,0.961583,457705,2020
1.8022143,2.391978,0.5660442,458015,2020
1.6986171,3.5526414,0.42743808,467793,2020
-1.3332025,2.35737,1.1523727,488726,2020
-3.7582176,1.3520339,0.9269774,493329,2020
-3.789482,0.8328146,-0.26478124,500871,2020
-1.2443491,-1.4455767,-1.583316,502110,2020
-3.0643306,2.219061,-0.6296683,502210,2020
2.3118885,-0.2700423,2.500408,502671,2020
-1.9908836,1.7439758,-1.3823857,503556,2020
-3.9432979,1.6395984,-1.8157976,514888,2020
-1.1810721,1.472652,0.80009025,514917,2020
-1.026118,1.160662,-0.5674481,516416,2020
-3.2068222,-0.17312805,0.27694365,516782,2020
4.734286,-4.4120073,5.734613,518692,2020
1.8643367,1.4750006,-2.5461435,518735,2020
-0.47489196,0.8930623,3.6472676,518934,2020
-0.3399995,2.114555,1.2601587,519203,2020
-2.7777221,0.4599401,0.7052448,527038,2020
-2.2375574,-0.4051071,-1.3731111,541645,2020
5.01872,-5.0190854,2.3250504,542303,2020
-4.1534886,0.7594734,-4.04788,542340,2020
-0.6046613,0.46588004,1.1396402,542583,2020
-1.9359924,-1.6540825,-1.441103,543063,2020
-0.7094617,2.1672688,-0.05782636,543257,2020
1.827063,2.731776,0.3326172,543305,2020
1.0847262,1.596229,3.5755854,543685,2020
-2.950639,2.6318147,-2.2027745,543760,2020
1.9595757,-2.0305028,2.0463684,543807,2020
-2.2991905,0.676792,-1.8670605,543877,2020
-4.355678,4.35287,-0.16160342,543939,2020
-4.3647366,0.91805786,1.4951775,544369,2020
-1.2227305,-1.6288195,-0.43195128,545341,2020
5.0903788,-2.8514955,2.1413558,545361,2020
-3.0181785,-0.54561526,-2.839295,547004,2020
5.834352,-3.6744163,2.6475048,547180,2020
2.7246177,-4.7807255,1.2376659,547989,2020
1.8062385,-0.8175838,-2.3868976,553993,2020
-3.0282574,-2.1524322,-2.4433284,570481,2020
-3.7402756,1.8220994,-0.47005144,571448,2020
2.2399774,1.6416117,-1.4334599,571970,2020
2.962068,-3.8401756,1.004867,571976,2020
-0.14646226,-2.1182194,0.095749326,572041,2020
0.79541093,2.0782428,0.9304624,572122,2020
1.3845435,-4.002194,0.859946,572228,2020
-0.3084044,-1.3508357,0.06438265,572233,2020
-3.7563784,0.4043984,-0.9170174,572816,2020
2.5570247,-0.33111778,0.30839044,573262,2020
0.5284372,-1.418429,-0.75376534,575929,2020
1.3627385,2.2996037,-0.20973864,592192,2020
1.3348626,-3.879313,-0.21824634,592206,2020
1.643495,-1.6817245,2.314678,592518,2020
0.76455075,-2.0710375,-0.89162755,592567,2020
1.0585784,-1.8805149,-0.8562426,592663,2020
-2.716451,0.582995,-0.022009987,592696,2020
4.4872518,-0.6822877,-1.2598038,592885,2020
-4.0081506,0.9764455,3.0041263,593160,2020
0.050003834,0.37630588,0.31663707,593428,2020
-8.236749,0.16324995,0.19565818,593643,2020
-3.8035407,2.3236015,1.1141436,593871,2020
2.4165092,-6.9730673,-4.432786,593934,2020
1.5638651,-1.3110851,0.2838458,594777,2020
-0.0694326,-2.696963,-1.4651971,594807,2020
-3.1473253,1.7164005,1.9218119,595777,2020
-3.8001168,-3.2541611,-4.3865137,595879,2020
-1.3162425,0.56405646,1.5537075,596019,2020
0.37422013,-1.0810188,-0.09397308,596115,2020
-0.6508549,1.7727304,0.14255425,596146,2020
-2.390648,-0.015567491,-0.23545781,596748,2020
-1.3017256,1.1644669,-1.9356459,598265,2020
-2.029549,4.3913293,3.1193123,600303,2020
-0.8824962,-2.3327758,-1.8777395,600524,2020
1.4044273,-1.6408037,0.43653715,600869,2020
-2.6125505,0.7883878,-1.1853988,605113,2020
-0.30830002,-1.3730444,-2.0554752,605119,2020
-1.1200916,-0.39929563,-3.2131612,605137,2020
0.53808755,0.33099496,2.674968,605141,2020
1.2444394,0.338776,-0.6064612,605204,2020
-1.6703368,0.48314324,1.0830594,606115,2020
-4.337418,1.6952113,-0.5633609,606132,2020
3.3694184,-6.355296,0.1346742,606192,2020
-3.148651,1.5489887,0.39909783,606466,2020
0.6611188,2.3162432,0.36786428,607043,2020
0.6255441,-1.1346403,2.707196,607208,2020
-2.407889,-0.5009689,0.55149335,607680,2020
1.5039057,0.36410877,2.1041386,608070,2020
0.57776237,-1.4965756,-4.8207793,608336,2020
2.4753842,-5.29398,2.8123937,608369,2020
-3.6892338,-2.8181,-4.5350857,609275,2020
0.85647786,-2.4436233,-1.9847183,614177,2020
0.58073217,-1.8998475,-0.24183571,621020,2020
2.0067961,-1.7515365,0.071359545,621035,2020
-1.7626941,0.39128402,-1.3756635,621043,2020
1.8142409,-1.2117983,-2.690582,621566,2020
-2.5455055,-1.1848992,0.82084596,622682,2020
0.52917725,-1.4283807,-1.8558282,624413,2020
-0.13081175,4.046884,-1.8122488,624415,2020
1.6042014,-1.4654906,0.8924176,624424,2020
-4.0990434,2.7874463,0.6189805,624428,2020
0.9842887,-0.4474145,3.0810785,630105,2020
-1.1873776,-3.2214944,0.19650707,641313,2020
0.7398717,0.13852265,1.0610986,641355,2020
-2.530706,3.5987988,0.5115212,641487,2020
-0.012200331,2.1259882,-2.4022543,641531,2020
1.3842794,-0.23787841,-1.7762812,641786,2020
-1.0543545,-1.5017334,-4.156894,641857,2020
1.6374094,-3.948313,1.9945999,642086,2020
0.1498178,-2.4028614,-2.9785585,642715,2020
-4.356835,2.8068027,-0.3398795,643396,2020
-4.0677843,1.0432752,2.611524,643446,2020
-5.657011,0.7897215,-3.1108265,645302,2020
-0.7505974,-3.7003596,-1.2586395,646240,2020
1.103451,-4.7355094,-0.1519618,650391,2020
1.3538865,-0.22513656,-2.3180108,656941,2020
-1.9127065,1.7870084,-0.6734313,657077,2020
-0.47702187,-2.8326156,-5.624818,657108,2020
0.2844814,1.5339457,-1.5948387,657656,2020
-1.1557773,1.2140548,-3.70556,660162,2020
6.179484,-3.9074461,0.25392255,660670,2020
-0.7562014,-2.029793,-0.8004745,663586,2020
-0.80808085,-0.90996385,0.03083856,663656,2020
2.1261911,-0.17199661,0.18036194,663757,2020
2.2257636,-1.7042388,-0.44290432,664023,2020
2.7585554,-3.529996,-0.37036017,664040,2020
-4.27566,5.3560557,2.8349903,664058,2020
4.2425923,-4.90656,1.1773219,665487,2020
0.21145386,-0.66427815,0.18842039,665489,2020
7.6259274,-3.5972717,4.6390047,665742,2020
0.21600556,-2.5515654,0.47475967,666971,2020
-1.1469426,-0.04539755,-2.4604347,668804,2020
-2.3526902,2.286355,-0.1497194,669242,2020
-1.7838484,1.7824011,-0.55510414,669256,2020
-0.7784963,-3.550174,-3.7138567,669374,2020
-4.179694,3.5294323,-1.7282645,670032,2020
-0.69638795,-4.4125457,-2.5608,673357,2020
-1.0456978,-1.1740179,-1.2416939,408234,2021
1.3890849,-3.0263727,-0.021842133,443558,2021
-1.7376432,1.3752028,-0.9326579,444482,2021
-0.87361753,0.8840079,2.0238128,453568,2021
0.9411107,1.5496162,-0.58202815,457705,2021
-0.11061192,0.63299185,2.033302,457759,2021
4.343956,-3.7065012,1.3275545,458015,2021
-3.7899704,1.5922426,0.9726055,462101,2021
-0.18163063,2.2198699,-0.33136743,467793,2021
-0.08441952,-0.10356272,0.22860216,476704,2021
-1.6572104,0.6434254,3.6812382,488726,2021
-1.3448615,2.5294504,2.1394126,493329,2021
-3.9179082,2.5566566,0.3399442,500743,2021
-1.4141065,-0.24667464,0.49943927,500871,2021
1.6194409,1.0650551,-0.10924199,502054,2021
1.1849114,-3.70873,0.9848459,502110,2021
2.4360104,-2.8368747,1.8125216,502671,2021
-1.719589,1.7241839,1.8965422,514888,2021
-1.8785101,1.4635738,-0.5940884,514917,2021
-2.2221923,1.11546,1.121836,516416,2021
-0.6019249,-0.27073205,0.98117894,516782,2021
3.071927,-2.236534,0.534548,518626,2021
1.890176,-2.351723,3.5775516,518692,2021
-0.8199563,2.54467,2.1585402,518934,2021
-0.56916916,0.95345986,1.0442961,519203,2021
3.1012776,-3.6924596,-0.60065335,519317,2021
0.87694836,-5.717196,-0.29218063,521692,2021
0.39077252,-3.6944804,0.14391302,541645,2021
-1.5688752,-0.33970618,-1.939323,542340,2021
-0.34883285,0.29814112,0.36210024,542583,2021
0.56183726,-1.5893301,0.6688378,543063,2021
1.4488724,-1.1716806,0.38023663,543068,2021
0.5327487,2.6560652,-0.20278086,543257,2021
-3.8094285,0.28691548,2.5120518,543281,2021
-0.45433104,0.5022203,0.0071146814,543333,2021
0.09802647,-0.105395,0.5993335,543760,2021
-2.522123,-1.4741632,-1.3531685,545341,2021
5.2062316,-4.6038456,2.1560426,547180,2021
0.82652485,-1.1234689,0.006667557,547989,2021
0.45989352,-0.8443291,-2.457616,553993,2021
-1.9896779,-0.9742539,-0.40595892,570731,2021
-2.063927,1.0723877,1.0462989,571448,2021
-3.8590982,0.48956656,0.4858206,571657,2021
0.6577196,-1.7678255,-0.36502504,571745,2021
0.15038061,0.495751,0.6762307,571771,2021
3.90634,-1.3965838,1.4074675,571970,2021
-1.0636866,-1.2320553,-1.4683096,572122,2021
-2.167855,-1.2064166,-1.9241451,572191,2021
-0.47538745,0.27366376,-1.4942673,573262,2021
-5.1322417,0.50405717,1.0908234,578428,2021
0.38184398,-0.58644533,0.24485731,592178,2021
-0.33772773,2.806826,-0.2671316,592192,2021
0.5201958,-3.8985798,1.6413789,592206,2021
4.6523123,-4.8369074,1.509384,592450,2021
1.5880715,-2.0351562,1.4509401,592518,2021
-0.2171196,-0.5927693,-0.6049064,592663,2021
0.7187967,-2.1802998,-0.21182613,592669,2021
-4.4645147,1.3760186,1.8928802,593160,2021
0.5741545,-0.47255105,1.634149,593428,2021
-0.90805477,-0.737972,1.2192849,593871,2021
1.800565,-3.7272215,-3.2572815,593934,2021
0.16440727,-3.6359866,-1.9106083,594807,2021
-0.4722792,-4.9460325,-2.2701712,595879,2021
0.044180505,0.3905118,0.30386227,596019,2021
-0.21894683,-1.2049074,-0.45239767,596115,2021
0.028359491,-0.33670583,1.3203954,600869,2021
1.4583108,-0.6265594,0.91848,605137,2021
0.5807391,1.8813791,1.6940612,605141,2021
-4.8120847,2.8657079,-0.6747729,606132,2021
1.1713139,-4.1719522,0.24208549,606192,2021
0.050876446,-1.5990355,2.0214748,607208,2021
0.9694035,0.33497638,2.6302645,608070,2021
3.813245,-1.893769,-3.3788772,608336,2021
-0.10363014,-1.5541177,-0.69887066,621020,2021
-5.957591,3.6680155,1.1671934,621028,2021
0.45067525,-0.7439408,-1.4898832,621035,2021
1.1692886,0.085255474,2.0047417,621043,2021
2.1602156,-1.101526,1.1183574,621566,2021
1.7069342,-2.605215,0.8775701,624413,2021
-4.6131616,2.9704986,3.7537184,624428,2021
1.5021205,-1.2981523,-0.57422566,624585,2021
-1.426764,1.7688608,2.4937973,630105,2021
-0.65738946,0.6418765,-0.3564537,640457,2021
-2.0497358,-2.3794808,0.08963762,641313,2021
-3.1829078,3.1977966,1.1483198,641487,2021
-1.3917235,-1.2263023,-2.5542922,641531,2021
0.20937626,-1.1357793,-0.18645744,641820,2021
-0.25557792,-1.0081248,-0.59788764,641857,2021
2.678866,-5.9693527,-0.35780355,641933,2021
-2.2171137,0.25186345,-0.32301477,642708,2021
0.46607727,-1.8802756,-1.4273521,642715,2021
-1.6429788,-0.7386766,0.86805886,643217,2021
-4.872636,2.5609002,1.4460723,643396,2021
-2.0928423,-1.4745954,0.82490873,645277,2021
2.1621807,-3.8736699,1.2444658,646240,2021
-0.054243036,0.9418182,-0.17199947,649966,2021
-1.1403638,0.74534816,0.30986807,650402,2021
0.23034202,2.2091634,0.19871035,650490,2021
0.8918334,-0.8584005,-3.233444,656305,2021
-0.48892313,0.084427856,1.6204745,656775,2021
-1.1690495,1.6085558,0.2399086,656976,2021
-0.68795013,0.7226862,1.7521256,657077,2021
1.3609595,0.16072027,0.17954427,660162,2021
5.362784,-5.4646,-0.07916819,660271,2021
1.3563255,-3.2426796,0.49499995,663586,2021
-0.80346066,-3.0287373,-0.91756636,663624,2021
1.1193244,-2.818328,2.9793983,663656,2021
1.0922507,1.2170296,0.259816,663697,2021
-0.8260473,2.426903,-0.9775379,663757,2021
0.6341437,0.5699625,-1.1282495,663993,2021
0.38362736,-0.22860424,-2.6741889,664023,2021
-1.427369,0.28732878,1.8636557,664034,2021
1.2836576,-2.7528555,-0.6804136,664040,2021
-6.983224,4.523187,2.2965739,664058,2021
-3.1098652,4.2887945,1.7476326,664702,2021
0.034830682,-1.5568846,-0.56561935,665120,2021
4.284283,-6.1240945,0.43394288,665487,2021
3.9297364,-4.0981364,2.4103389,665489,2021
5.548785,-0.12203994,3.5281558,665742,2021
-1.1508464,-1.3278173,-2.2426784,665862,2021
-0.4509101,-2.642505,1.108091,666182,2021
-1.129464,0.796247,-0.033491295,666185,2021
-1.7154753,-3.6926963,-2.7132087,666969,2021
-0.9910299,-1.2152731,0.5373894,666971,2021
-0.16403207,-0.61644804,-2.4605532,668227,2021
1.2868012,-1.769024,2.54339,668804,2021
-1.6307398,2.209066,-0.84187794,668942,2021
-3.2607262,1.7841249,1.5398946,669242,2021
-2.6317623,1.2858078,-1.3240956,669256,2021
-1.5692163,-0.44984683,-0.52605766,669720,2021
-4.310788,4.0692005,0.3361366,670032,2021
2.7311182,-3.4178421,0.7891344,670541,2021
-0.8042601,-0.9103824,-1.8537396,443558,2022
-3.764606,0.41615054,0.5241518,453568,2022
-0.58500475,0.78552514,-0.30454192,457705,2022
-1.1583037,0.5793805,1.6545964,457759,2022
-3.0698955,1.8113233,-0.38928446,462101,2022
0.9332106,1.569877,0.21338825,467793,2022
-4.8110385,2.031022,-0.098099895,493329,2022
-5.313464,2.6107664,0.9481061,500743,2022
-1.6331525,-1.3507805,-0.742184,500871,2022
-0.124608405,0.03307558,-1.7295964,502054,2022
0.13790552,-2.4109542,-0.08022577,502110,2022
2.5279844,-1.3086922,0.61818403,502671,2022
-0.8755389,1.688899,2.6047976,514888,2022
-4.0426455,2.3611698,-0.20491746,514917,2022
-1.9000924,-0.5994215,1.2974464,516782,2022
-0.8662478,-0.59314024,-2.8030522,518626,2022
1.2065573,-1.8910098,3.937426,518692,2022
-0.39545435,2.9733658,1.9563946,518934,2022
0.46367413,0.5949444,0.2538803,519203,2022
-2.0777166,2.3353238,0.108751714,527038,2022
-0.6494287,-2.1901915,-1.065265,542303,2022
-2.7303815,-0.54850245,-1.0127739,542583,2022
-0.34209704,-1.5540482,-0.77929443,543068,2022
-2.6386323,1.2403994,0.18743701,543760,2022
-0.3214044,-0.50463164,0.41851693,543807,2022
-2.5760527,-1.3666509,-2.0609891,545341,2022
0.9302169,-1.1973085,1.7645718,547989,2022
1.8547425,-1.5817235,-2.167595,553993,2022
-2.1584918,-0.17447233,1.2553351,570482,2022
-4.5744934,-1.2198789,-2.5171626,570731,2022
-1.142156,0.48026246,2.1463287,571448,2022
-3.6107914,1.0544577,1.0839744,571657,2022
1.7291076,1.1932231,-1.9867227,571970,2022
-2.0805235,-1.0740497,-0.40343243,572041,2022
-0.021465134,-2.9707472,-2.6233597,572228,2022
0.9148339,-0.43001235,0.44388583,572233,2022
-0.100903556,0.8314049,-1.7152693,573262,2022
-1.4789687,2.4022124,0.1364839,592192,2022
-3.2341793,-1.7785889,-0.87361825,592206,2022
-0.687482,-0.4014213,-0.56247395,592273,2022
7.6662645,-7.3965797,2.2106447,592450,2022
0.6552929,-1.6671791,0.63376164,592518,2022
0.31405586,-1.355355,0.5482975,592663,2022
-0.30773044,-1.4184915,-1.0049489,592669,2022
0.94241333,0.7945394,-0.29466775,592885,2022
-4.4181733,1.2603806,0.3129694,593160,2022
-0.8228872,1.0123434,0.09468173,593428,2022
-2.021574,3.0946233,0.8631332,595777,2022
-3.6736863,-2.4126694,-2.5215812,595879,2022
-0.7715588,0.49523744,0.14630386,596019,2022
0.11210433,1.3554139,1.3207971,605137,2022
0.0042187944,0.26978964,1.3949534,605141,2022
1.1340461,-3.9982948,-0.95020044,606192,2022
-0.8596375,1.2922285,-0.18223274,606466,2022
-0.19168249,1.769174,0.6361033,607043,2022
-1.0666423,-0.92633337,0.83944565,607208,2022
-1.5727563,1.9209667,1.9509932,608070,2022
-0.297629,2.8823,2.3582122,608324,2022
-0.118010916,-1.9211884,1.480872,608369,2022
0.1957969,2.9207425,0.068103634,608385,2022
0.110109195,-2.3163173,-0.5309301,621020,2022
1.2238908,-0.8570746,0.9183933,621043,2022
1.2052428,-0.49607214,1.2097197,621493,2022
-0.26742935,-2.471875,-4.3459296,621550,2022
1.1570551,-2.0697308,-0.4385305,621566,2022
-3.97247,-1.3457009,-2.4909258,622761,2022
-0.006352028,-0.3819551,0.50824594,623993,2022
0.8226246,-1.5167449,0.70823413,624413,2022
-5.135469,3.3849082,1.8795646,624428,2022
-1.6144432,3.142157,-0.7158916,630105,2022
-2.8172007,-0.4670364,-2.7048194,641355,2022
-2.8609734,4.5767293,1.2988278,641487,2022
-0.6399138,-0.35537493,-0.5746149,641820,2022
0.5155767,-0.9421259,-1.0659184,641857,2022
1.0559638,-0.43573287,-0.040504802,642133,2022
-3.165751,-0.22745226,0.5675758,642708,2022
-0.23558983,-1.9437643,-1.1306741,642715,2022
-3.80957,1.4917159,0.13142326,642731,2022
-1.8378454,1.2445278,1.9443839,643217,2022
-6.5553555,4.1693773,0.26523238,643393,2022
-4.4393916,3.6970582,1.0131887,643396,2022
-4.15369,1.3308891,3.3436844,643446,2022
0.8780037,-2.6805685,0.76673096,646240,2022
-3.5083501,3.2688916,4.236591,650333,2022
-0.8097156,-1.5723529,-0.73560786,650402,2022
1.0782942,1.5734407,2.60681,650490,2022
-4.3914037,-0.62827426,0.022253077,650859,2022
1.4542351,-1.0989722,-1.4677421,656305,2022
1.0885414,-0.3424785,-0.6110631,656555,2022
-3.10152,0.5582955,-0.8731368,656775,2022
3.8292449,-3.2900634,-1.1327609,656941,2022
-2.2513952,1.3316329,-1.9024277,657041,2022
-2.2154405,1.274977,2.1921425,657077,2022
2.5729485,-3.5099587,0.6033243,660271,2022
1.4307052,-1.665727,0.28988004,660670,2022
-2.0740428,-0.6765274,-1.9770105,662139,2022
-4.15557,1.9439822,1.653939,663538,2022
1.8425571,-3.8190217,0.5208627,663586,2022
0.21224102,-3.5165377,0.099405155,663624,2022
-0.9339377,1.2223983,-1.228654,663647,2022
-0.42959648,-0.61822736,1.1714443,663656,2022
-0.8181819,2.1170697,-3.561429,663757,2022
-0.8335808,0.22324716,0.2255038,663898,2022
0.09895748,-1.913955,0.46455288,663993,2022
-1.1288689,0.051488914,-1.3000689,664023,2022
-2.859204,0.3029479,1.1544486,664034,2022
-4.59731,5.051687,0.23595536,664702,2022
-1.7690464,-0.62880635,1.416416,664761,2022
0.26903373,-1.6759765,-0.97792536,664913,2022
-2.6493826,-2.2895014,-1.2982055,665161,2022
0.8626513,-1.5196751,0.6525075,665489,2022
4.035419,1.6871575,1.8655516,665742,2022
-1.9511577,-0.61866635,0.19197775,665926,2022
-0.40847987,-2.2449193,0.37400874,666182,2022
-0.41824818,-3.4850938,-1.5207226,666969,2022
-1.0482874,-0.49099776,-1.8764583,668227,2022
-0.3261482,-0.82227564,-0.3387928,668804,2022
-1.367442,2.7987278,-0.56302965,668942,2022
0.30016363,0.51697236,-1.5757495,669004,2022
-0.15471552,-0.31934756,0.16003643,669221,2022
-2.1496959,1.1768124,0.24912861,669242,2022
0.2633676,0.6849237,1.2762568,669257,2022
-2.9642565,0.0115109775,-0.63600534,669720,2022
5.780681,-5.2165227,3.4719074,670541,2022
0.05862631,1.8973997,2.344155,672386,2022
-2.4344912,2.7534873,0.52479213,673490,2022
0.6789085,-2.862299,-0.6939079,677594,2022
-2.0761824,-1.4425603,-0.7004726,677951,2022
-4.02552,5.470705,3.0291739,680757,2022
-1.1023599,-0.20165618,0.0770125,683734,2022
-1.3496803,1.163105,1.6234552,457759,2023
-1.4427171,1.9543339,-0.4202874,467793,2023
2.2074144,-1.389122,0.5952845,502671,2023
1.2446463,-3.114285,4.3735495,518692,2023
-0.08724788,2.1766834,-0.26812935,518934,2023
-2.1046362,-3.466154,-0.31846637,521692,2023
2.5762177,-3.7182121,0.9252773,542303,2023
-1.6874193,1.3500062,2.071861,543760,2023
-0.9703456,0.4520398,0.48930442,543807,2023
3.08399,-3.2251725,1.2510153,547180,2023
-1.4725548,-0.68929404,-0.927296,547989,2023
-2.7139356,-1.1072781,-1.2161363,553869,2023
0.67597044,-1.2824116,-2.3265052,553993,2023
-1.9274117,0.4242293,0.852732,571448,2023
-3.7397196,1.4786501,-1.796505,571771,2023
2.9276838,-0.60580885,-0.9682978,571970,2023
0.0007625036,-0.5483678,0.110559665,572233,2023
-1.3329308,2.866351,0.57814735,592192,2023
-0.9897731,-3.3196201,-1.0368482,592206,2023
-0.67449033,-2.6884296,-1.0582774,592273,2023
-0.23268226,-0.8901192,-0.075836115,592518,2023
-0.38404304,-1.9489218,-0.5678582,592663,2023
-2.2583394,-0.30089867,-1.9745674,592669,2023
-2.1692066,-2.1682205,-0.4160336,592696,2023
1.67104,-0.6787975,0.78062814,592885,2023
-5.3909883,1.703345,0.3907867,593160,2023
-1.5639256,2.1737328,0.4432997,593428,2023
-2.9361594,2.4448652,0.49405816,595777,2023
-3.8023946,-1.3509582,-2.4079683,595879,2023
0.14868224,-0.41007447,0.59952116,596019,2023
-0.90858996,0.5604779,-0.36468452,600869,2023
0.33109868,-0.2163082,-0.01853856,605137,2023
2.8619275,-1.008771,3.9343393,605141,2023
-0.4883067,-1.8899882,-1.4241471,605204,2023
-1.6369045,0.6965148,-0.6579531,606115,2023
0.21035743,-4.1100216,-1.4876276,606192,2023
0.32768965,0.6940874,0.9787313,606466,2023
1.2091438,-0.090007335,0.6329297,607043,2023
-0.9834445,-1.757629,0.05618156,607208,2023
-0.8424521,0.66494733,3.4182758,608070,2023
-0.4566577,3.1442223,2.8171365,608324,2023
2.4571443,-4.652689,2.6710052,608369,2023
-2.3121943,0.24662775,-0.74182,608841,2023
0.35681045,-0.3956898,-0.30276227,621020,2023
0.25583124,0.2963415,-0.90522146,621043,2023
3.9776037,-3.4581919,0.64481133,621566,2023
-0.34898883,-0.9832536,-0.75939393,623993,2023
1.5668728,-1.2304348,-0.24118003,624413,2023
2.495495,-2.3698466,0.17578742,624585,2023
-2.8222027,2.1834092,0.27604923,630105,2023
-3.825282,-0.065584294,-1.4969503,641313,2023
-2.459986,0.49244723,2.0312138,641355,2023
0.38631535,2.9164283,1.0392668,641487,2023
0.9100988,-2.236554,-1.5404882,641857,2023
-2.8971808,1.5115916,1.1152338,642086,2023
-3.1502445,0.0034041405,0.25504026,642708,2023
-0.14445327,-0.5458041,-1.2153252,642715,2023
-3.596289,-0.13912702,-0.3951377,642731,2023
-4.0385613,2.3856921,2.260875,643217,2023
-5.5244946,2.3898742,1.6184077,643446,2023
-1.7769859,-0.7239251,1.7441509,645277,2023
1.7543161,-2.7276647,0.92658246,646240,2023
-4.6492114,1.0826417,6.153734,650333,2023
-0.5326389,0.22826429,2.2742608,650402,2023
2.0878954,-0.99121326,2.476369,650490,2023
-0.8884075,-1.5769081,0.27239838,650559,2023
1.7350628,-2.1320765,-1.8012302,656305,2023
-2.1581092,1.1928571,-0.22189641,656716,2023
4.0078783,-1.041389,-1.6862885,656941,2023
-0.47053117,-0.8607817,-0.3449522,657041,2023
-1.5912665,2.0745983,1.9414351,657077,2023
5.4597106,-5.765227,1.6510514,660271,2023
4.139346,-4.272401,4.6016235,660670,2023
-3.9336708,1.061991,2.65169,660688,2023
1.063371,-0.29974988,-0.26264107,661388,2023
-2.0883813,-0.21504134,-1.3163898,662139,2023
1.546198,2.4482768,0.56970024,663457,2023
-3.610157,3.0356054,2.2472956,663538,2023
1.5139493,-2.8804014,0.31089824,663586,2023
-0.82636297,-0.61920375,0.16098425,663647,2023
0.99900854,-0.66675335,2.8331592,663656,2023
-0.017447071,1.7119207,0.38915122,663697,2023
0.13707492,-2.0924525,-1.3884997,663728,2023
0.7411202,0.8294892,-2.6039133,663757,2023
-0.8299461,1.3103768,0.18634346,663837,2023
-0.39322937,0.47055233,-1.5555739,663886,2023
0.441379,1.0125252,0.6498546,663993,2023
0.82024705,0.96667737,0.28862196,664023,2023
-2.0991,0.060854375,1.4847755,664034,2023
-4.949374,4.171442,-0.2203185,664702,2023
-1.483491,0.13924026,1.9080845,664761,2023
1.3000345,1.969261,0.9328258,664774,2023
-2.6512277,0.050631315,-0.13622138,665161,2023
0.6011468,-2.5183961,0.22226083,665487,2023
0.94069755,-1.3146604,1.7175715,665489,2023
4.7939014,-0.2898365,2.107101,665742,2023
-1.2831011,-0.42138517,0.078433305,665750,2023
-4.40473,0.3231776,-0.34628776,665926,2023
-0.7709209,-2.8482997,1.931127,666182,2023
1.9741571,-3.307886,-0.65080523,666969,2023
-1.5117117,-0.22262172,0.67951113,666971,2023
1.65141,-3.6209154,-2.0804,667670,2023
1.619278,-0.37422502,-0.62102073,668227,2023
-0.34522617,1.1714911,0.29261997,668715,2023
0.62344396,-1.5906743,0.73556083,668804,2023
0.36751342,1.4839355,3.2427452,668939,2023
0.31980306,-1.7324843,-1.8798505,669004,2023
-2.2902372,1.851907,0.24041012,669242,2023
-0.39660847,1.224814,1.5505267,669257,2023
2.7481296,-1.0816672,-2.3624134,669261,2023
1.0119829,-4.5359592,-0.7226762,669394,2023
-1.0727522,-0.970991,-1.4496973,669720,2023
-2.074216,2.8619592,0.1612736,670623,2023
-3.1549695,3.5477984,0.2868475,670770,2023
2.6781042,-1.531143,-0.07549187,671213,2023
-0.11918088,-2.5159078,1.170679,671739,2023
-0.7202768,0.73908,0.4243297,672580,2023
0.20177697,-4.9745197,-0.5849362,673357,2023
-1.6293223,3.983275,0.46942064,673490,2023
1.4581182,-0.7931384,1.1755178,673548,2023
0.05034755,-3.489811,-0.68840134,673962,2023
0.50686353,-2.9155219,-0.12426411,677594,2023
0.11497131,-2.24879,1.3971227,677951,2023
-3.3467004,-2.7372186,-1.4140501,678662,2023
1.197325,-1.5022817,-0.41338587,679529,2023
-4.3450503,4.9849086,3.358201,680757,2023
-3.0204272,1.9466251,1.7417287,681082,2023
0.7934024,-1.0928906,-2.2707586,681546,2023
-3.2013385,-0.43765578,-0.2332857,682928,2023
0.01973382,0.12316589,0.9143924,682998,2023
1.0593537,-1.7641395,-0.27870417,683002,2023
-1.0049881,-0.32324272,-1.789544,683011,2023
-0.8899514,-0.74943626,-0.5080061,683734,2023
-1.5436901,1.1828405,0.9815598,807799,2023
0.60307705,0.625227,-1.8273506,457705,2024
-2.086875,2.681076,1.5266118,457759,2024
-0.44879752,1.8352816,-0.04740827,467793,2024
-0.023018159,-1.6976973,-0.91973007,502671,2024
-2.859238,0.4697514,1.1750132,514888,2024
0.05877205,-0.35988694,2.531568,518692,2024
-0.39379817,-3.2902286,0.74069107,521692,2024
3.2799501,-4.297711,1.2220172,542303,2024
-2.6959612,1.5547497,0.6175412,543760,2024
-1.233735,0.64136004,-0.85354525,543807,2024
1.2595121,-1.9318608,0.7238666,547180,2024
0.19685672,-1.9672918,-0.7341425,553993,2024
-3.7909958,2.28963,1.2530701,571448,2024
0.9637865,-1.5013368,-0.39421812,572233,2024
-1.9145777,-2.025002,0.7679359,592206,2024
8.69511,-7.5010204,2.7714221,592450,2024
0.001364626,-1.745971,0.3090188,592518,2024
0.23949938,0.8845682,2.206446,595777,2024
0.97993994,-2.0124073,1.4086077,596019,2024
-1.4289398,0.098794445,-0.9614809,605137,2024
-0.5770607,1.9154232,3.4016123,605141,2024
-3.7459226,0.5465547,-2.8617082,606115,2024
0.9566393,-3.5295,-1.0974798,606192,2024
2.3455503,-2.4416773,1.8059736,606466,2024
0.3927461,0.6076125,-0.6364628,607043,2024
-2.1267016,-1.1409144,-0.024654198,607208,2024
-1.4614824,0.5142655,1.964211,608070,2024
-2.0748289,1.5938996,1.6600646,608324,2024
1.7174993,-3.1456954,1.6661749,608369,2024
-0.18468782,2.3288634,-0.35081902,608385,2024
-0.7636516,-0.51688117,-1.2022108,621020,2024
0.71421224,-0.79464257,-0.08901451,621493,2024
0.6547241,-1.4935439,-0.464931,621566,2024
-0.70104647,-0.49279922,-0.27334347,623993,2024
1.2549291,-0.7555865,-0.7015545,624413,2024
1.2220235,-0.6396077,-0.8666504,624585,2024
-1.0394652,1.5690025,0.99665934,630105,2024
-3.0933933,1.0465754,0.15818518,641355,2024
0.5597597,-1.4159136,-1.475172,641857,2024
0.46732652,-1.3236493,-0.53445154,642715,2024
-2.857881,1.1835549,-0.054630708,643217,2024
2.0145452,-3.131776,0.31906208,646240,2024
-0.7308336,0.13461562,0.39598188,647304,2024
-6.0040026,2.4402313,5.21448,650333,2024
-1.7078301,1.5477339,-0.20341748,650402,2024
-1.700918,-0.22409551,-0.5033149,650489,2024
0.017680194,0.7851621,1.111525,650490,2024
-2.2546823,-2.3929608,-1.7199372,650559,2024
1.1503962,-1.0911272,-0.55469793,656305,2024
-0.31933957,0.25336394,-3.1177592,656555,2024
4.0947695,-2.6141698,-0.47218016,656941,2024
-0.83802384,0.677031,-1.5446899,657041,2024
-2.9261107,2.575878,0.3514512,657077,2024
5.256312,-6.5237994,2.1545815,660271,2024
0.38382304,-3.0206683,-0.875252,660821,2024
1.4693278,-1.2587204,0.4052364,661388,2024
-2.7998505,0.8642108,-3.8559465,662139,2024
-4.6443505,3.1465867,2.8205714,663538,2024
-1.2482431,-2.2115302,0.038133863,663624,2024
0.16033922,2.139996,1.3498977,663697,2024
0.84637916,-2.5346115,-1.3735129,663728,2024
-1.0799562,0.88174015,-0.19549468,663837,2024
-0.058539942,0.66851383,-0.7636052,663886,2024
-1.7533507,-0.7849704,-1.2590457,663898,2024
0.15553479,1.9032767,-0.20114371,663993,2024
1.2552196,-0.76332426,-0.7195302,664023,2024
-2.3429308,-0.18799599,-1.3406963,664034,2024
-1.233203,0.016689219,1.851757,664761,2024
-3.2521815,-0.5137056,-0.0984571,665161,2024
2.6598399,-3.1584272,2.922534,665489,2024
6.237246,-3.4007266,3.5400057,665742,2024
-2.5452511,0.6227347,-1.5289531,665750,2024
1.6351395,-3.6988218,-1.4985145,665833,2024
-0.6773074,-0.7116819,-1.432078,665862,2024
-5.3890576,0.5169777,0.4665471,665926,2024
-0.87248796,-0.41063318,-2.740628,666624,2024
-1.1224672,-2.8040495,-2.2524915,666969,2024
-2.2157435,-0.282051,0.5272967,666971,2024
2.5513687,-4.919019,-0.19451338,667670,2024
0.23148926,1.215718,-2.1289258,668227,2024
-0.9741774,1.0932494,-0.35269055,668709,2024
-0.8286364,1.8006157,-0.7598414,668715,2024
0.15141131,-1.6501757,0.3119253,668804,2024
-3.76975,2.9233112,0.88083893,668930,2024
-2.002989,2.2664263,1.021707,668939,2024
-0.19251935,-2.2611146,-1.3176862,669127,2024
-0.39260262,0.45048675,0.16523367,669257,2024
-0.1669043,-3.2515929,-1.0381902,669394,2024
-2.322353,1.5424188,-0.24569196,669701,2024
2.7565236,-3.058233,2.7250907,670541,2024
-2.6858773,3.883878,0.2818872,670623,2024
0.42155945,-2.8943944,-0.8930906,671218,2024
-1.8295368,-0.795688,0.66848046,671277,2024
-2.3947349,1.856643,0.35530654,672580,2024
-1.7884609,-2.1692026,1.4197062,673237,2024
2.1041367,-1.1467447,-0.1646846,673548,2024
-2.580491,-0.33856648,1.3728365,676475,2024
-2.2769947,-0.08205223,-1.4397135,676694,2024
-0.016424507,-2.8525856,-0.57073385,677594,2024
1.9299546,-3.6224644,2.7495065,677951,2024
-3.1797528,-4.203513,-1.6974425,678662,2024
-4.6656976,-3.1352913,-2.1818314,678882,2024
-3.3378813,4.4496074,3.9400759,680757,2024
0.0009355135,-1.2075626,0.30131418,680776,2024
-2.7291067,-2.0398602,-4.1448536,680869,2024
-2.2109294,1.8359549,2.452777,680977,2024
-2.9267638,3.14351,0.8175094,681082,2024
0.77071667,-1.7794992,-2.0842173,681297,2024
-0.3056863,-3.2666237,-1.175353,681351,2024
1.2357119,-2.2203963,-1.8534634,682829,2024
-1.9400423,-0.6317436,-0.33490264,682928,2024
1.8264494,-1.6850973,-0.37711903,682985,2024
-0.13275848,2.0204437,-0.52170926,682998,2024
2.3114557,-1.9621111,1.1157056,683002,2024
-3.4145567,0.8680118,-1.2099398,683011,2024
-1.4960845,-0.9868728,-0.44192746,683734,2024
0.3348468,-0.5380018,-2.0785072,683737,2024
-5.111525,4.919949,0.47718742,686217,2024
-1.1979897,0.738111,1.2611196,686469,2024
-0.50341725,-1.9131091,-0.736737,686668,2024
-1.4909837,-0.71967906,-1.1952174,687263,2024
-1.1492381,3.4186568,-1.1846555,687401,2024
-2.5540752,0.5890264,0.15205452,690993,2024
-3.3555484,1.5437028,0.48353192,691026,2024
-0.48753124,-0.8449191,0.019627683,694192,2024
-2.7990465,4.297828,1.4235101,694384,2024
0.08877444,0.6514235,-0.2585783,694671,2024
-4.0771413,2.699467,-0.58948815,696285,2024
-0.86546737,-2.973612,1.9942187,701538,2024
0.797937,0.1865307,0.7548814,457705,2025
-1.6156771,1.633831,-2.1390998,467793,2025
-0.14251706,-1.6003588,2.0259356,502671,2025
-4.3579044,1.5709856,-2.4533813,514888,2025
3.4879606,-5.041405,3.935993,518692,2025
-0.13190112,-3.9221299,1.172173,521692,2025
-3.887161,1.8066115,-0.9947053,527038,2025
4.3651943,-0.30000576,1.5863625,542303,2025
-2.3637726,0.8565412,-1.7605312,543760,2025
4.280719,-3.2069824,0.4927372,543807,2025
1.9996498,-1.9416976,0.469268,547180,2025
2.2555408,-3.5974562,-0.94392896,553993,2025
-3.0941696,2.5825448,0.30705985,571448,2025
-0.015241537,0.86506623,-3.0321536,571970,2025
-1.1617075,-1.3195338,-1.9670286,572233,2025
0.7593413,0.6257407,1.1244293,573262,2025
1.0855612,-2.0502656,0.30592006,575929,2025
-1.9164585,-1.9785726,0.9718524,592206,2025
8.23388,-9.204608,3.8849154,592450,2025
2.3659127,-3.3496475,2.9937758,592518,2025
0.50162864,-0.5628738,-0.35562667,592663,2025
0.007477045,0.4501939,-2.0059662,592885,2025
-1.3796253,2.7729871,-1.1776208,593428,2025
0.2259715,-0.8168507,1.6445735,596019,2025
-2.11544,-3.2073708,-2.2284095,596115,2025
0.32261986,-0.7113566,0.44387323,596146,2025
-2.8767283,0.5678388,-3.808386,605137,2025
-1.8802354,3.5054526,2.471004,605141,2025
-0.6533162,-3.7448094,1.54687,606192,2025
0.23849572,-0.9844144,0.29235217,607043,2025
-1.5907605,0.8918715,-0.0048285546,607208,2025
-1.9832394,0.5881475,2.6943004,608070,2025
1.215563,-0.6648797,0.913853,608324,2025
0.32654494,-2.1517692,-1.1202313,621020,2025
-2.9191458,0.2549136,-1.0050322,621043,2025
0.9760184,-5.1634536,-1.9634701,621439,2025
-1.3836087,-1.3564727,-2.382839,621493,2025
3.6308436,-1.563682,0.04887245,621566,2025
-1.9552662,0.575131,-2.2547898,623993,2025
5.665165,-4.830738,2.6048021,624413,2025
-0.27415833,1.7233933,-3.4981039,624424,2025
-0.38989437,-1.4632865,-2.1227589,624585,2025
-1.2116698,0.44516167,-1.271618,641355,2025
0.28280348,1.1918477,2.1805573,641487,2025
2.4215696,-1.3283206,-2.2204175,641857,2025
-1.4795433,0.081636064,-3.0369842,642715,2025
-5.2060866,1.085115,-1.4983853,645277,2025
4.458893,-4.5167904,1.0554739,646240,2025
-0.20763135,0.50808036,1.0893062,647304,2025
-7.3629518,3.9459062,3.7358036,650333,2025
0.22794329,-0.25205904,0.6592553,650490,2025
-5.4676194,0.91930526,-1.6976606,650859,2025
3.2558088,-0.5274231,-0.8240589,656305,2025
1.7878772,-0.60820633,0.35992917,656555,2025
-0.5801611,1.3902664,-1.0349386,656716,2025
-0.5673273,2.064741,-1.1110678,656775,2025
5.6285663,-3.3974926,1.7955116,656941,2025
7.865124,-8.244943,2.4698064,660271,2025
-4.491526,1.8544909,1.6524031,660688,2025
-0.0885842,1.9094297,-1.8234668,661388,2025
2.704407,1.0877354,1.5395356,663457,2025
-5.638467,3.03417,1.4789844,663538,2025
1.0430945,-4.798291,-0.8052423,663586,2025
-0.098443404,0.18707028,-0.6080603,663616,2025
-1.4002808,-3.1997795,-1.2438263,663624,2025
-2.3599713,0.8950525,-1.574411,663647,2025
2.7648056,-1.4492345,3.2147353,663656,2025
-1.0280871,3.2486513,0.3341532,663697,2025
3.7534804,-3.4631937,-0.19608572,663728,2025
0.49029565,-0.3361144,-1.1073344,663993,2025
0.61105984,0.3001082,1.4683937,664023,2025
-0.76790744,-1.3861673,1.1351032,664034,2025
-1.5301788,-2.9669967,-2.3850641,664040,2025
-1.9547144,-0.050512448,0.26552784,664761,2025
-3.2094667,3.867719,-3.4599488,664774,2025
-0.8243179,-0.3732471,1.4639668,665161,2025
3.2579496,-3.7399032,1.929439,665487,2025
2.7275798,-1.5340762,1.3864409,665489,2025
5.038866,-1.5197983,2.7823572,665742,2025
5.337192,-4.259088,-0.5083371,665833,2025
-3.3869736,1.4709646,-0.8145268,665926,2025
4.0306706,-4.2227564,2.4593596,666018,2025
-0.27685684,2.2202399,-0.1479621,666158,2025
-0.6924654,-1.5874176,2.2923822,666182,2025
-1.1704501,-3.1929789,-1.3128041,666969,2025
-4.032176,-1.0796723,0.5576107,666971,2025
1.1568317,-3.8235474,-0.037853945,667670,2025
3.180977,-0.4705794,-0.6958368,668227,2025
-1.2308627,2.166165,-2.5684597,668709,2025
-3.8636243,1.0088305,-3.385481,668715,2025
0.07074374,-2.396029,-1.3588492,668804,2025
-1.4310333,-0.00033407006,-1.1717788,668901,2025
-0.18533094,0.65890217,0.55906826,668930,2025
0.19548565,2.5556123,1.3296251,668939,2025
2.5208926,-5.237506,0.28986683,669065,2025
0.01004079,-0.8737775,1.0510277,669127,2025
-1.1615369,-1.294089,-1.3257803,669224,2025
3.4353275,-1.0101414,1.4071896,669257,2025
-4.6669793,4.447898,-0.22290894,669364,2025
-0.75435233,0.6599755,2.1761897,669701,2025
-1.5366229,-1.784766,-4.7268157,669911,2025
-0.8801638,3.7813802,1.0989625,670623,2025
-2.2969668,3.8821743,0.30324456,670770,2025
0.93950063,-2.7173157,0.094619595,671218,2025
-2.2970753,0.69390184,0.058530454,671277,2025
-1.0427762,-2.2526813,-2.6483884,671732,2025
-3.3333526,-1.1434286,-0.37871635,671739,2025
-2.1390824,-3.0059397,-2.0167518,672356,2025
0.8993054,0.002559958,2.8207085,672580,2025
-0.51591414,4.161998,2.011633,672695,2025
-2.870777,-2.3638952,0.14251721,672820,2025
-3.604373,-2.2296138,0.11305984,673237,2025
0.18539189,-0.8906061,-2.7160532,673357,2025
1.5763068,-2.986225,-0.90215325,673548,2025
-1.1987208,-0.37562996,0.1452212,676572,2025
-0.022014441,-2.0455582,-0.17324084,677594,2025
3.3572187,-3.2022464,1.7765304,677800,2025
1.1939598,-2.2237327,1.8193892,677951,2025
-2.1221235,2.1397629,-1.7291718,678246,2025
-1.0796725,-3.2946868,0.5066912,678882,2025
2.939073,-2.7897773,0.49020556,679529,2025
0.7960412,0.6717008,-3.79708,680574,2025
-3.5312116,3.0326257,4.9319243,680757,2025
-1.6345181,-1.1583433,-0.5192853,680776,2025
-0.3998115,-0.26048285,4.576144,680977,2025
-2.2454762,3.2366405,0.11304764,681082,2025
0.67883396,-5.4096785,-1.9944775,681351,2025
-1.0892054,-4.5038953,0.33432606,681481,2025
-2.6896183,-0.84137654,-0.03533009,681624,2025
0.16215059,-0.9231366,-2.8141341,682829,2025
0.770418,-3.5064282,-1.292573,682985,2025
3.104767,-4.729449,0.7988193,682998,2025
-0.065686226,-2.519874,-1.865976,683002,2025
0.8837555,-0.4850888,-1.0007782,683011,2025
-1.3663223,-2.5500479,-1.5099792,683734,2025
1.8064231,-1.4470412,0.06662065,683737,2025
-3.420867,4.5646667,0.8621573,686217,2025
-1.9569596,-0.64846146,-0.85752845,686469,2025
-1.1786859,-2.2817461,-1.9983116,686611,2025
-0.5100217,-1.7725558,-0.9491251,686668,2025
-6.4525137,0.53155214,-1.3626293,686681,2025
-2.1785119,0.93459487,-1.2203516,687363,2025
-4.857027,2.6957228,-1.5847439,687401,2025
2.047752,-3.692512,1.4937785,691016,2025
-3.4496791,-0.9456575,-4.8447804,691023,2025
0.7047637,-1.625108,-1.8083438,691176,2025
-1.7672886,-1.3944182,-1.0649905,691406,2025
-1.5129205,-4.3071346,-0.22783795,691718,2025
1.1079725,0.4254381,-0.8602125,692225,2025
-3.7099469,-2.8575816,-1.275074,694192,2025
-2.7251976,3.2288036,2.0274727,694384,2025
0.934965,-0.026512558,-0.53700423,694671,2025
4.2777443,-2.9854002,-0.17037225,695578,2025
-1.614619,-2.5478358,-1.7382456,696100,2025
-2.0775888,0.20346582,-1.3026419,700242,2025
4.1846623,-4.12945,0.89299786,700250,2025
0.91248643,-0.49672386,-2.7196803,700932,2025
-5.3004537,1.5608615,3.5582309,805779,2025
-2.908259,1.2152277,2.785608,808982,2025
